admit,gre,gpa,rank
0,380,3.609999895,3
1,660,3.670000076,3
1,800,4,1
1,640,3.190000057,4
0,520,2.930000067,4
1,760,3,2
1,560,2.980000019,1
0,400,3.079999924,2
1,540,3.390000105,3
0,700,3.920000076,2
0,800,4,4
0,440,3.220000029,1
1,760,4,1
0,700,3.079999924,2
1,700,4,1
0,480,3.440000057,3
0,780,3.869999886,4
0,360,2.559999943,3
0,800,3.75,2
1,540,3.809999943,1
